{
    "list": [{
            "id": 1,
            "name": "含浦家苑垃圾回收站点",
            "money": 523,
            "address": "湖南省长沙市含浦家苑",
            "state": "正在使用",
            "date": "2020-11-1"
            
        },
        {
            "id": 2,
            "name": "江南小区垃圾回收站点",
            "money": 456,
            "address": "湖南省长沙市江南小区",
            "state": "正在使用",
            "date": "2020-10-11"
        },
        {
            "id": 3,
            "name": "裕园小区垃圾回收站点",
            "money": 366,
            "address": "湖南省长沙市裕园小区",
            "state": "出现故障",
            "date": "2020-9-11"
        }
            
    ],
    "pageTotal": 3
}