{
    "list": [{
            "id": 1,
            "name": "张三",
            "money": 123,
            "address": "湖南省长沙市含浦家苑4-110",
            "state": "正在使用",
            "date": "2020-11-1",
            "thumb": "https://tse1-mm.cn.bing.net/th/id/OIP-C.4sI-M-RKqtT8aoP7GCUt4wAAAA?w=210&h=210&c=7&r=0&o=5&dpr=1.25&pid=1.7"
        },
        {
            "id": 2,
            "name": "李四",
            "money": 456,
            "address": "湖南省长沙市含浦家苑5-510",
            "state": "正在使用",
            "date": "2020-10-11",
            "thumb": "https://tse1-mm.cn.bing.net/th/id/R-C.2245c82f19a9e7e3cb56e7fe9a7b25a3?rik=yIAAOy4TvjAo%2bA&riu=http%3a%2f%2fimg2.woyaogexing.com%2f2017%2f08%2f17%2f8828819d822101b1!400x400_big.jpg&ehk=NJyc9NVqBO0Iz5OgmuaePHU7v%2bboH8kDA%2bZ%2bkBPrmh8%3d&risl=&pid=ImgRaw&r=0"
        },
        {
            "id": 3,
            "name": "王五",
            "money": 789,
            "address": "湖南省长沙市含浦家苑5-210",
            "state": "正在使用",
            "date": "2020-11-11",
            "thumb": "https://tse1-mm.cn.bing.net/th/id/OIP-C.oWy4DdOr0Y72CezbccZNcwAAAA?w=210&h=210&c=7&r=0&o=5&dpr=1.25&pid=1.7"
        },
        {
            "id": 4,
            "name": "赵六",
            "money": 1011,
            "address": "湖南省长沙市含浦家苑5-410",
            "state": "离线",
            "date": "2021-3-18",
            "thumb": "https://pic.qqtn.com/up/2018-5/15257446701388883.jpg"
        }
    ],
    "pageTotal": 4
}